<?xml version='1.1' encoding='UTF-8' standalone='yes'?>
<bamboo>
 <date>Thu Feb 25 11:42:11 UTC 2016</date>
 <version>5.9.7</version>
 <buildDate>14-Oct-2015</buildDate>
 <build>5920</build>
 <serverID>BQSR-WUGI-FFY1-MI03</serverID>
 <acls>
  <acl>
   <objectIdentity>999999</objectIdentity>
   <objectType>com.atlassian.bamboo.security.GlobalApplicationSecureObject</objectType>
   <owner>bamboo-admin</owner>
   <ownerType>GROUP_PRINCIPAL</ownerType>
   <aces>
    <ace>
     <mask>16</mask>
     <sid>bamboo-admin</sid>
     <type>GROUP_PRINCIPAL</type>
    </ace>
    <ace>
     <mask>4</mask>
     <sid>bamboo-admin</sid>
     <type>GROUP_PRINCIPAL</type>
    </ace>
    <ace>
     <mask>1</mask>
     <sid>bamboo-admin</sid>
     <type>GROUP_PRINCIPAL</type>
    </ace>
    <ace>
     <mask>1</mask>
     <sid>ROLE_USER</sid>
     <type>GRANTED_AUTHORITY</type>
    </ace>
    <ace>
     <mask>1</mask>
     <sid>ROLE_ANONYMOUS</sid>
     <type>GRANTED_AUTHORITY</type>
    </ace>
   </aces>
  </acl>
  <acl>
   <objectIdentity>327681</objectIdentity>
   <objectType>com.atlassian.bamboo.repository.RepositoryDataEntityImpl</objectType>
   <owner>bamboo</owner>
   <ownerType>PRINCIPAL</ownerType>
   <aces>
    <ace>
     <mask>1</mask>
     <sid>bamboo</sid>
     <type>PRINCIPAL</type>
    </ace>
    <ace>
     <mask>1</mask>
     <sid>ROLE_USER</sid>
     <type>GRANTED_AUTHORITY</type>
    </ace>
   </aces>
  </acl>
  <acl>
   <objectIdentity>393217</objectIdentity>
   <objectType>com.atlassian.bamboo.chains.DefaultChain</objectType>
   <owner>bamboo</owner>
   <ownerType>PRINCIPAL</ownerType>
   <aces>
    <ace>
     <mask>2</mask>
     <sid>bamboo</sid>
     <type>PRINCIPAL</type>
    </ace>
    <ace>
     <mask>1</mask>
     <sid>bamboo</sid>
     <type>PRINCIPAL</type>
    </ace>
    <ace>
     <mask>1</mask>
     <sid>ROLE_USER</sid>
     <type>GRANTED_AUTHORITY</type>
    </ace>
    <ace>
     <mask>1</mask>
     <sid>ROLE_ANONYMOUS</sid>
     <type>GRANTED_AUTHORITY</type>
    </ace>
    <ace>
     <mask>16</mask>
     <sid>bamboo</sid>
     <type>PRINCIPAL</type>
    </ace>
    <ace>
     <mask>128</mask>
     <sid>bamboo</sid>
     <type>PRINCIPAL</type>
    </ace>
    <ace>
     <mask>64</mask>
     <sid>bamboo</sid>
     <type>PRINCIPAL</type>
    </ace>
   </aces>
  </acl>
 </acls>
</bamboo>