<?xml version='1.1' encoding='UTF-8' standalone='yes'?>
<bamboo>
 <date>Thu Feb 25 11:42:11 UTC 2016</date>
 <version>5.9.7</version>
 <buildDate>14-Oct-2015</buildDate>
 <build>5920</build>
 <serverID>BQSR-WUGI-FFY1-MI03</serverID>
 <artifacts>
  <artifact>
   <id>1015809</id>
   <label>Phpcs report</label>
   <sharedArtifact>false</sharedArtifact>
   <globallyStored>false</globallyStored>
   <type>com.atlassian.bamboo.plugin.artifact.handler.local:ServerLocalArtifactHandler</type>
   <size>42747</size>
   <planResultKey>CRDAP-UT-JOB1-23</planResultKey>
  </artifact>
  <artifact>
   <id>1245185</id>
   <label>Phpcs report</label>
   <sharedArtifact>false</sharedArtifact>
   <globallyStored>false</globallyStored>
   <type>com.atlassian.bamboo.plugin.artifact.handler.local:ServerLocalArtifactHandler</type>
   <size>42747</size>
   <planResultKey>CRDAP-UT-JOB1-24</planResultKey>
  </artifact>
  <artifact>
   <id>1245186</id>
   <label>Phpcs report</label>
   <sharedArtifact>false</sharedArtifact>
   <globallyStored>false</globallyStored>
   <type>com.atlassian.bamboo.plugin.artifact.handler.local:ServerLocalArtifactHandler</type>
   <size>42747</size>
   <planResultKey>CRDAP-UT-JOB1-25</planResultKey>
  </artifact>
  <artifact>
   <id>1245187</id>
   <label>Phpcs report</label>
   <sharedArtifact>false</sharedArtifact>
   <globallyStored>false</globallyStored>
   <type>com.atlassian.bamboo.plugin.artifact.handler.local:ServerLocalArtifactHandler</type>
   <size>42747</size>
   <planResultKey>CRDAP-UT-JOB1-26</planResultKey>
  </artifact>
  <artifact>
   <id>1245188</id>
   <label>Phpcs report</label>
   <sharedArtifact>false</sharedArtifact>
   <globallyStored>false</globallyStored>
   <type>com.atlassian.bamboo.plugin.artifact.handler.local:ServerLocalArtifactHandler</type>
   <size>83</size>
   <planResultKey>CRDAP-UT-JOB1-27</planResultKey>
  </artifact>
  <artifact>
   <id>1245189</id>
   <label>Phpcs report</label>
   <sharedArtifact>false</sharedArtifact>
   <globallyStored>false</globallyStored>
   <type>com.atlassian.bamboo.plugin.artifact.handler.local:ServerLocalArtifactHandler</type>
   <size>83</size>
   <planResultKey>CRDAP-UT-JOB1-28</planResultKey>
  </artifact>
  <artifact>
   <id>1245190</id>
   <label>Php parsing report</label>
   <sharedArtifact>false</sharedArtifact>
   <globallyStored>false</globallyStored>
   <type>com.atlassian.bamboo.plugin.artifact.handler.local:ServerLocalArtifactHandler</type>
   <size>0</size>
   <planResultKey>CRDAP-UT-JOB1-28</planResultKey>
  </artifact>
  <artifact>
   <id>1245191</id>
   <label>Phpcs report</label>
   <sharedArtifact>false</sharedArtifact>
   <globallyStored>false</globallyStored>
   <type>com.atlassian.bamboo.plugin.artifact.handler.local:ServerLocalArtifactHandler</type>
   <size>83</size>
   <planResultKey>CRDAP-UT-JOB1-29</planResultKey>
  </artifact>
  <artifact>
   <id>1245192</id>
   <label>Php parsing report</label>
   <sharedArtifact>false</sharedArtifact>
   <globallyStored>false</globallyStored>
   <type>com.atlassian.bamboo.plugin.artifact.handler.local:ServerLocalArtifactHandler</type>
   <size>0</size>
   <planResultKey>CRDAP-UT-JOB1-29</planResultKey>
  </artifact>
  <artifact>
   <id>1245193</id>
   <label>Phpcs report</label>
   <sharedArtifact>false</sharedArtifact>
   <globallyStored>false</globallyStored>
   <type>com.atlassian.bamboo.plugin.artifact.handler.local:ServerLocalArtifactHandler</type>
   <size>83</size>
   <planResultKey>CRDAP-UT-JOB1-30</planResultKey>
  </artifact>
  <artifact>
   <id>1245194</id>
   <label>Php parsing report</label>
   <sharedArtifact>false</sharedArtifact>
   <globallyStored>false</globallyStored>
   <type>com.atlassian.bamboo.plugin.artifact.handler.local:ServerLocalArtifactHandler</type>
   <size>456</size>
   <planResultKey>CRDAP-UT-JOB1-30</planResultKey>
  </artifact>
 </artifacts>
</bamboo>