<?xml version='1.1' encoding='UTF-8' standalone='yes'?>
<bamboo>
 <date>Thu Feb 25 11:42:11 UTC 2016</date>
 <version>5.9.7</version>
 <buildDate>14-Oct-2015</buildDate>
 <build>5920</build>
 <serverID>BQSR-WUGI-FFY1-MI03</serverID>
 <artifactDefinitions>
  <definition>
   <id>983041</id>
   <name>Phpcs report</name>
   <location>test-reports/</location>
   <copyPattern>checkstyle.xml</copyPattern>
   <sharedArtifact>false</sharedArtifact>
   <producerJob>CRDAP-UT-JOB1</producerJob>
  </definition>
  <definition>
   <id>1409025</id>
   <name>Php parsing report</name>
   <location>test-reports/</location>
   <copyPattern>php-parsing-report.log</copyPattern>
   <sharedArtifact>false</sharedArtifact>
   <producerJob>CRDAP-UT-JOB1</producerJob>
  </definition>
  <definition>
   <id>1409026</id>
   <name>Phpunit report</name>
   <location>test-reports/</location>
   <copyPattern>phpunit.xml</copyPattern>
   <sharedArtifact>false</sharedArtifact>
   <producerJob>CRDAP-UT-JOB1</producerJob>
  </definition>
 </artifactDefinitions>
</bamboo>