<?xml version='1.1' encoding='UTF-8' standalone='yes'?>
<bamboo>
 <date>Thu Feb 25 11:42:11 UTC 2016</date>
 <version>5.9.7</version>
 <buildDate>14-Oct-2015</buildDate>
 <build>5920</build>
 <serverID>BQSR-WUGI-FFY1-MI03</serverID>
 <auditLogs>
  <auditLog>
   <id>294913</id>
   <timestamp>1455789486379</timestamp>
   <messageType>FIELD_CHANGE</messageType>
   <message>branchDetectionCheckInterval</message>
   <oldValue>[0]</oldValue>
   <newValue>[300]</newValue>
   <userName>SYSTEM</userName>
  </auditLog>
  <auditLog>
   <id>294914</id>
   <timestamp>1455789486379</timestamp>
   <messageType>FIELD_CHANGE</messageType>
   <message>myBuildExpiryConfiguration.expiryTypeNothing</message>
   <newValue>false</newValue>
   <userName>SYSTEM</userName>
  </auditLog>
  <auditLog>
   <id>294915</id>
   <timestamp>1455789486379</timestamp>
   <messageType>FIELD_CHANGE</messageType>
   <message>myBuildExpiryConfiguration.expiryTypeArtifact</message>
   <newValue>false</newValue>
   <userName>SYSTEM</userName>
  </auditLog>
  <auditLog>
   <id>294916</id>
   <timestamp>1455789486379</timestamp>
   <messageType>FIELD_CHANGE</messageType>
   <message>myBuildExpiryConfiguration.buildsToKeep</message>
   <newValue>0</newValue>
   <userName>SYSTEM</userName>
  </auditLog>
  <auditLog>
   <id>294917</id>
   <timestamp>1455789486379</timestamp>
   <messageType>FIELD_CHANGE</messageType>
   <message>myBuildExpiryConfiguration.expiryTypeBuildLog</message>
   <newValue>false</newValue>
   <userName>SYSTEM</userName>
  </auditLog>
  <auditLog>
   <id>294918</id>
   <timestamp>1455789486379</timestamp>
   <messageType>FIELD_CHANGE</messageType>
   <message>myBuildExpiryConfiguration.enabled</message>
   <newValue>false</newValue>
   <userName>SYSTEM</userName>
  </auditLog>
  <auditLog>
   <id>294919</id>
   <timestamp>1455789486379</timestamp>
   <messageType>FIELD_CHANGE</messageType>
   <message>myBuildExpiryConfiguration.maxIgnoredLogSize</message>
   <newValue>-1</newValue>
   <userName>SYSTEM</userName>
  </auditLog>
  <auditLog>
   <id>294920</id>
   <timestamp>1455789486379</timestamp>
   <messageType>FIELD_CHANGE</messageType>
   <message>myBuildExpiryConfiguration.myDuration</message>
   <newValue>0</newValue>
   <userName>SYSTEM</userName>
  </auditLog>
  <auditLog>
   <id>294921</id>
   <timestamp>1455789486379</timestamp>
   <messageType>FIELD_CHANGE</messageType>
   <message>myBuildExpiryConfiguration.expiryTypeResult</message>
   <newValue>false</newValue>
   <userName>SYSTEM</userName>
  </auditLog>
  <auditLog>
   <id>294922</id>
   <timestamp>1455789486379</timestamp>
   <messageType>FIELD_CHANGE</messageType>
   <message>auditLoggingEnabled</message>
   <newValue>true</newValue>
   <userName>SYSTEM</userName>
  </auditLog>
  <auditLog>
   <id>294923</id>
   <timestamp>1455789685581</timestamp>
   <messageType>CONFIG_CHANGE</messageType>
   <message>Global repository Cookbooks repo has been created.</message>
   <userName>bamboo</userName>
   <entityHeader>Cookbooks repo</entityHeader>
   <entityType>Repository</entityType>
  </auditLog>
  <auditLog>
   <id>294924</id>
   <timestamp>1455789685879</timestamp>
   <messageType>CONFIG_CHANGE</messageType>
   <message>Job has been created.</message>
   <planKey>CRDAP-UT</planKey>
   <jobKey>CRDAP-UT-JOB1</jobKey>
   <userName>bamboo</userName>
  </auditLog>
  <auditLog>
   <id>655361</id>
   <timestamp>1455792476103</timestamp>
   <messageType>FIELD_CHANGE</messageType>
   <message>Server Capability added</message>
   <newValue>system.builder.phpunit.phpunit = /usr/bin/phpunit</newValue>
   <userName>bamboo</userName>
  </auditLog>
  <auditLog>
   <id>655362</id>
   <timestamp>1455792607562</timestamp>
   <messageType>FIELD_CHANGE</messageType>
   <message>repositoryDefiningWorkingDirectory</message>
   <oldValue>[0]</oldValue>
   <newValue>[-1]</newValue>
   <planKey>CRDAP-UT</planKey>
   <jobKey>CRDAP-UT-JOB1</jobKey>
   <userName>bamboo</userName>
  </auditLog>
  <auditLog>
   <id>655363</id>
   <timestamp>1455792607577</timestamp>
   <messageType>CONFIG_CHANGE</messageType>
   <message>Task has been created.</message>
   <planKey>CRDAP-UT</planKey>
   <jobKey>CRDAP-UT-JOB1</jobKey>
   <userName>bamboo</userName>
   <entityHeader>PHPUnit (Launch unit testing)</entityHeader>
   <entityType>Task</entityType>
  </auditLog>
  <auditLog>
   <id>655364</id>
   <timestamp>1455795048576</timestamp>
   <messageType>CONFIG_CHANGE</messageType>
   <message>Task has been removed.</message>
   <planKey>CRDAP-UT</planKey>
   <jobKey>CRDAP-UT-JOB1</jobKey>
   <userName>bamboo</userName>
   <entityHeader>PHPUnit (Launch unit testing)</entityHeader>
   <entityType>Task</entityType>
  </auditLog>
  <auditLog>
   <id>655365</id>
   <timestamp>1455795111003</timestamp>
   <messageType>FIELD_CHANGE</messageType>
   <message>buildName</message>
   <oldValue>Unit Testing</oldValue>
   <newValue>CRD API continuous integration</newValue>
   <planKey>CRDAP-UT</planKey>
   <userName>bamboo</userName>
  </auditLog>
  <auditLog>
   <id>655366</id>
   <timestamp>1455795111003</timestamp>
   <messageType>FIELD_CHANGE</messageType>
   <message>suspendedFromBuilding</message>
   <oldValue>true</oldValue>
   <newValue>false</newValue>
   <planKey>CRDAP-UT</planKey>
   <userName>bamboo</userName>
  </auditLog>
  <auditLog>
   <id>655367</id>
   <timestamp>1455795600205</timestamp>
   <messageType>CONFIG_CHANGE</messageType>
   <message>Task has been created.</message>
   <planKey>CRDAP-UT</planKey>
   <jobKey>CRDAP-UT-JOB1</jobKey>
   <userName>bamboo</userName>
   <entityHeader>PHPUnit (Launch unit tests)</entityHeader>
   <entityType>Task</entityType>
  </auditLog>
  <auditLog>
   <id>655368</id>
   <timestamp>1455796080198</timestamp>
   <messageType>FIELD_CHANGE</messageType>
   <message>projectFile</message>
   <planKey>CRDAP-UT</planKey>
   <jobKey>CRDAP-UT-JOB1</jobKey>
   <userName>bamboo</userName>
   <entityHeader>PHPUnit (Launch unit tests)</entityHeader>
   <entityType>Task</entityType>
  </auditLog>
  <auditLog>
   <id>655369</id>
   <timestamp>1455796080199</timestamp>
   <messageType>FIELD_CHANGE</messageType>
   <message>testChecked</message>
   <planKey>CRDAP-UT</planKey>
   <jobKey>CRDAP-UT-JOB1</jobKey>
   <userName>bamboo</userName>
   <entityHeader>PHPUnit (Launch unit tests)</entityHeader>
   <entityType>Task</entityType>
  </auditLog>
  <auditLog>
   <id>655370</id>
   <timestamp>1455796080199</timestamp>
   <messageType>FIELD_CHANGE</messageType>
   <message>testDirectoryOption</message>
   <planKey>CRDAP-UT</planKey>
   <jobKey>CRDAP-UT-JOB1</jobKey>
   <userName>bamboo</userName>
   <entityHeader>PHPUnit (Launch unit tests)</entityHeader>
   <entityType>Task</entityType>
  </auditLog>
  <auditLog>
   <id>655371</id>
   <timestamp>1455796080199</timestamp>
   <messageType>FIELD_CHANGE</messageType>
   <message>testResultsDirectory</message>
   <planKey>CRDAP-UT</planKey>
   <jobKey>CRDAP-UT-JOB1</jobKey>
   <userName>bamboo</userName>
   <entityHeader>PHPUnit (Launch unit tests)</entityHeader>
   <entityType>Task</entityType>
  </auditLog>
  <auditLog>
   <id>655372</id>
   <timestamp>1455796080199</timestamp>
   <messageType>FIELD_CHANGE</messageType>
   <message>pickupOutdatedFiles</message>
   <planKey>CRDAP-UT</planKey>
   <jobKey>CRDAP-UT-JOB1</jobKey>
   <userName>bamboo</userName>
   <entityHeader>PHPUnit (Launch unit tests)</entityHeader>
   <entityType>Task</entityType>
  </auditLog>
  <auditLog>
   <id>655373</id>
   <timestamp>1455796080199</timestamp>
   <messageType>FIELD_CHANGE</messageType>
   <message>buildJdk</message>
   <planKey>CRDAP-UT</planKey>
   <jobKey>CRDAP-UT-JOB1</jobKey>
   <userName>bamboo</userName>
   <entityHeader>PHPUnit (Launch unit tests)</entityHeader>
   <entityType>Task</entityType>
  </auditLog>
  <auditLog>
   <id>655374</id>
   <timestamp>1455796080199</timestamp>
   <messageType>FIELD_CHANGE</messageType>
   <message>arguments</message>
   <oldValue>-bootstrap crd-api/app/src/tests/TestHelper.php crd-api/app/src/tests/</oldValue>
   <newValue>--bootstrap crd-api/app/src/tests/TestHelper.php crd-api/app/src/tests/</newValue>
   <planKey>CRDAP-UT</planKey>
   <jobKey>CRDAP-UT-JOB1</jobKey>
   <userName>bamboo</userName>
   <entityHeader>PHPUnit (Launch unit tests)</entityHeader>
   <entityType>Task</entityType>
  </auditLog>
  <auditLog>
   <id>655375</id>
   <timestamp>1455828633866</timestamp>
   <messageType>CONFIG_CHANGE</messageType>
   <message>Task has been created.</message>
   <planKey>CRDAP-UT</planKey>
   <jobKey>CRDAP-UT-JOB1</jobKey>
   <userName>bamboo</userName>
   <entityHeader>Script (Install dependencies with conmposer)</entityHeader>
   <entityType>Task</entityType>
  </auditLog>
  <auditLog>
   <id>655376</id>
   <timestamp>1455828639707</timestamp>
   <messageType>CONFIG_CHANGE</messageType>
   <message>Task has been moved.</message>
   <planKey>CRDAP-UT</planKey>
   <jobKey>CRDAP-UT-JOB1</jobKey>
   <userName>bamboo</userName>
   <entityHeader>Script (Install dependencies with conmposer)</entityHeader>
   <entityType>Task</entityType>
  </auditLog>
  <auditLog>
   <id>655377</id>
   <timestamp>1455828649562</timestamp>
   <messageType>FIELD_CHANGE</messageType>
   <message>userDescription</message>
   <oldValue>Install dependencies with conmposer</oldValue>
   <newValue>Install dependencies with composer</newValue>
   <planKey>CRDAP-UT</planKey>
   <jobKey>CRDAP-UT-JOB1</jobKey>
   <userName>bamboo</userName>
   <entityHeader>Script (Install dependencies with composer)</entityHeader>
   <entityType>Task</entityType>
  </auditLog>
  <auditLog>
   <id>655378</id>
   <timestamp>1455828649562</timestamp>
   <messageType>FIELD_CHANGE</messageType>
   <message>runWithPowershell</message>
   <planKey>CRDAP-UT</planKey>
   <jobKey>CRDAP-UT-JOB1</jobKey>
   <userName>bamboo</userName>
   <entityHeader>Script (Install dependencies with composer)</entityHeader>
   <entityType>Task</entityType>
  </auditLog>
  <auditLog>
   <id>655379</id>
   <timestamp>1455828717896</timestamp>
   <messageType>FIELD_CHANGE</messageType>
   <message>runWithPowershell</message>
   <planKey>CRDAP-UT</planKey>
   <jobKey>CRDAP-UT-JOB1</jobKey>
   <userName>bamboo</userName>
   <entityHeader>Script (Install dependencies with composer)</entityHeader>
   <entityType>Task</entityType>
  </auditLog>
  <auditLog>
   <id>655380</id>
   <timestamp>1455828717896</timestamp>
   <messageType>FIELD_CHANGE</messageType>
   <message>workingSubDirectory</message>
   <oldValue>crd-api</oldValue>
   <newValue>crd-api/app</newValue>
   <planKey>CRDAP-UT</planKey>
   <jobKey>CRDAP-UT-JOB1</jobKey>
   <userName>bamboo</userName>
   <entityHeader>Script (Install dependencies with composer)</entityHeader>
   <entityType>Task</entityType>
  </auditLog>
  <auditLog>
   <id>655381</id>
   <timestamp>1455829359875</timestamp>
   <messageType>FIELD_CHANGE</messageType>
   <message>projectFile</message>
   <planKey>CRDAP-UT</planKey>
   <jobKey>CRDAP-UT-JOB1</jobKey>
   <userName>bamboo</userName>
   <entityHeader>PHPUnit (Launch unit tests)</entityHeader>
   <entityType>Task</entityType>
  </auditLog>
  <auditLog>
   <id>655382</id>
   <timestamp>1455829359875</timestamp>
   <messageType>FIELD_CHANGE</messageType>
   <message>testChecked</message>
   <planKey>CRDAP-UT</planKey>
   <jobKey>CRDAP-UT-JOB1</jobKey>
   <userName>bamboo</userName>
   <entityHeader>PHPUnit (Launch unit tests)</entityHeader>
   <entityType>Task</entityType>
  </auditLog>
  <auditLog>
   <id>655383</id>
   <timestamp>1455829359875</timestamp>
   <messageType>FIELD_CHANGE</messageType>
   <message>testDirectoryOption</message>
   <planKey>CRDAP-UT</planKey>
   <jobKey>CRDAP-UT-JOB1</jobKey>
   <userName>bamboo</userName>
   <entityHeader>PHPUnit (Launch unit tests)</entityHeader>
   <entityType>Task</entityType>
  </auditLog>
  <auditLog>
   <id>655384</id>
   <timestamp>1455829359875</timestamp>
   <messageType>FIELD_CHANGE</messageType>
   <message>testResultsDirectory</message>
   <planKey>CRDAP-UT</planKey>
   <jobKey>CRDAP-UT-JOB1</jobKey>
   <userName>bamboo</userName>
   <entityHeader>PHPUnit (Launch unit tests)</entityHeader>
   <entityType>Task</entityType>
  </auditLog>
  <auditLog>
   <id>655385</id>
   <timestamp>1455829359875</timestamp>
   <messageType>FIELD_CHANGE</messageType>
   <message>pickupOutdatedFiles</message>
   <planKey>CRDAP-UT</planKey>
   <jobKey>CRDAP-UT-JOB1</jobKey>
   <userName>bamboo</userName>
   <entityHeader>PHPUnit (Launch unit tests)</entityHeader>
   <entityType>Task</entityType>
  </auditLog>
  <auditLog>
   <id>655386</id>
   <timestamp>1455829359875</timestamp>
   <messageType>FIELD_CHANGE</messageType>
   <message>buildJdk</message>
   <planKey>CRDAP-UT</planKey>
   <jobKey>CRDAP-UT-JOB1</jobKey>
   <userName>bamboo</userName>
   <entityHeader>PHPUnit (Launch unit tests)</entityHeader>
   <entityType>Task</entityType>
  </auditLog>
  <auditLog>
   <id>655387</id>
   <timestamp>1455829359875</timestamp>
   <messageType>FIELD_CHANGE</messageType>
   <message>arguments</message>
   <oldValue>--bootstrap crd-api/app/src/tests/TestHelper.php crd-api/app/src/tests/</oldValue>
   <newValue>tests</newValue>
   <planKey>CRDAP-UT</planKey>
   <jobKey>CRDAP-UT-JOB1</jobKey>
   <userName>bamboo</userName>
   <entityHeader>PHPUnit (Launch unit tests)</entityHeader>
   <entityType>Task</entityType>
  </auditLog>
  <auditLog>
   <id>655388</id>
   <timestamp>1455829359875</timestamp>
   <messageType>FIELD_CHANGE</messageType>
   <message>workingSubDirectory</message>
   <newValue>crd-api/app</newValue>
   <planKey>CRDAP-UT</planKey>
   <jobKey>CRDAP-UT-JOB1</jobKey>
   <userName>bamboo</userName>
   <entityHeader>PHPUnit (Launch unit tests)</entityHeader>
   <entityType>Task</entityType>
  </auditLog>
  <auditLog>
   <id>655389</id>
   <timestamp>1455829745672</timestamp>
   <messageType>FIELD_CHANGE</messageType>
   <message>projectFile</message>
   <planKey>CRDAP-UT</planKey>
   <jobKey>CRDAP-UT-JOB1</jobKey>
   <userName>bamboo</userName>
   <entityHeader>PHPUnit (Launch unit tests)</entityHeader>
   <entityType>Task</entityType>
  </auditLog>
  <auditLog>
   <id>655390</id>
   <timestamp>1455829745672</timestamp>
   <messageType>FIELD_CHANGE</messageType>
   <message>testChecked</message>
   <planKey>CRDAP-UT</planKey>
   <jobKey>CRDAP-UT-JOB1</jobKey>
   <userName>bamboo</userName>
   <entityHeader>PHPUnit (Launch unit tests)</entityHeader>
   <entityType>Task</entityType>
  </auditLog>
  <auditLog>
   <id>655391</id>
   <timestamp>1455829745672</timestamp>
   <messageType>FIELD_CHANGE</messageType>
   <message>testDirectoryOption</message>
   <planKey>CRDAP-UT</planKey>
   <jobKey>CRDAP-UT-JOB1</jobKey>
   <userName>bamboo</userName>
   <entityHeader>PHPUnit (Launch unit tests)</entityHeader>
   <entityType>Task</entityType>
  </auditLog>
  <auditLog>
   <id>655392</id>
   <timestamp>1455829745672</timestamp>
   <messageType>FIELD_CHANGE</messageType>
   <message>testResultsDirectory</message>
   <planKey>CRDAP-UT</planKey>
   <jobKey>CRDAP-UT-JOB1</jobKey>
   <userName>bamboo</userName>
   <entityHeader>PHPUnit (Launch unit tests)</entityHeader>
   <entityType>Task</entityType>
  </auditLog>
  <auditLog>
   <id>655393</id>
   <timestamp>1455829745672</timestamp>
   <messageType>FIELD_CHANGE</messageType>
   <message>pickupOutdatedFiles</message>
   <planKey>CRDAP-UT</planKey>
   <jobKey>CRDAP-UT-JOB1</jobKey>
   <userName>bamboo</userName>
   <entityHeader>PHPUnit (Launch unit tests)</entityHeader>
   <entityType>Task</entityType>
  </auditLog>
  <auditLog>
   <id>655394</id>
   <timestamp>1455829745673</timestamp>
   <messageType>FIELD_CHANGE</messageType>
   <message>buildJdk</message>
   <planKey>CRDAP-UT</planKey>
   <jobKey>CRDAP-UT-JOB1</jobKey>
   <userName>bamboo</userName>
   <entityHeader>PHPUnit (Launch unit tests)</entityHeader>
   <entityType>Task</entityType>
  </auditLog>
  <auditLog>
   <id>655395</id>
   <timestamp>1455829745673</timestamp>
   <messageType>FIELD_CHANGE</messageType>
   <message>arguments</message>
   <oldValue>tests</oldValue>
   <newValue>--boostrap tests/TestHelper.php</newValue>
   <planKey>CRDAP-UT</planKey>
   <jobKey>CRDAP-UT-JOB1</jobKey>
   <userName>bamboo</userName>
   <entityHeader>PHPUnit (Launch unit tests)</entityHeader>
   <entityType>Task</entityType>
  </auditLog>
  <auditLog>
   <id>655396</id>
   <timestamp>1455829806615</timestamp>
   <messageType>FIELD_CHANGE</messageType>
   <message>projectFile</message>
   <planKey>CRDAP-UT</planKey>
   <jobKey>CRDAP-UT-JOB1</jobKey>
   <userName>bamboo</userName>
   <entityHeader>PHPUnit (Launch unit tests)</entityHeader>
   <entityType>Task</entityType>
  </auditLog>
  <auditLog>
   <id>655397</id>
   <timestamp>1455829806616</timestamp>
   <messageType>FIELD_CHANGE</messageType>
   <message>testChecked</message>
   <planKey>CRDAP-UT</planKey>
   <jobKey>CRDAP-UT-JOB1</jobKey>
   <userName>bamboo</userName>
   <entityHeader>PHPUnit (Launch unit tests)</entityHeader>
   <entityType>Task</entityType>
  </auditLog>
  <auditLog>
   <id>655398</id>
   <timestamp>1455829806617</timestamp>
   <messageType>FIELD_CHANGE</messageType>
   <message>testDirectoryOption</message>
   <planKey>CRDAP-UT</planKey>
   <jobKey>CRDAP-UT-JOB1</jobKey>
   <userName>bamboo</userName>
   <entityHeader>PHPUnit (Launch unit tests)</entityHeader>
   <entityType>Task</entityType>
  </auditLog>
  <auditLog>
   <id>655399</id>
   <timestamp>1455829806617</timestamp>
   <messageType>FIELD_CHANGE</messageType>
   <message>testResultsDirectory</message>
   <planKey>CRDAP-UT</planKey>
   <jobKey>CRDAP-UT-JOB1</jobKey>
   <userName>bamboo</userName>
   <entityHeader>PHPUnit (Launch unit tests)</entityHeader>
   <entityType>Task</entityType>
  </auditLog>
  <auditLog>
   <id>655400</id>
   <timestamp>1455829806618</timestamp>
   <messageType>FIELD_CHANGE</messageType>
   <message>pickupOutdatedFiles</message>
   <planKey>CRDAP-UT</planKey>
   <jobKey>CRDAP-UT-JOB1</jobKey>
   <userName>bamboo</userName>
   <entityHeader>PHPUnit (Launch unit tests)</entityHeader>
   <entityType>Task</entityType>
  </auditLog>
  <auditLog>
   <id>655401</id>
   <timestamp>1455829806618</timestamp>
   <messageType>FIELD_CHANGE</messageType>
   <message>buildJdk</message>
   <planKey>CRDAP-UT</planKey>
   <jobKey>CRDAP-UT-JOB1</jobKey>
   <userName>bamboo</userName>
   <entityHeader>PHPUnit (Launch unit tests)</entityHeader>
   <entityType>Task</entityType>
  </auditLog>
  <auditLog>
   <id>655402</id>
   <timestamp>1455829806618</timestamp>
   <messageType>FIELD_CHANGE</messageType>
   <message>arguments</message>
   <oldValue>--boostrap tests/TestHelper.php</oldValue>
   <newValue>--bootstrap tests/TestHelper.php</newValue>
   <planKey>CRDAP-UT</planKey>
   <jobKey>CRDAP-UT-JOB1</jobKey>
   <userName>bamboo</userName>
   <entityHeader>PHPUnit (Launch unit tests)</entityHeader>
   <entityType>Task</entityType>
  </auditLog>
  <auditLog>
   <id>655403</id>
   <timestamp>1456143716173</timestamp>
   <messageType>CONFIG_CHANGE</messageType>
   <message>Task has been created.</message>
   <planKey>CRDAP-UT</planKey>
   <jobKey>CRDAP-UT-JOB1</jobKey>
   <userName>bamboo</userName>
   <entityHeader>Script (Run phpcs)</entityHeader>
   <entityType>Task</entityType>
  </auditLog>
  <auditLog>
   <id>655404</id>
   <timestamp>1456143800989</timestamp>
   <messageType>FIELD_CHANGE</messageType>
   <message>argument</message>
   <oldValue>src/ www/</oldValue>
   <newValue>--standard=PSR2 --report=checkstyle test-reports/ src/ www/</newValue>
   <planKey>CRDAP-UT</planKey>
   <jobKey>CRDAP-UT-JOB1</jobKey>
   <userName>bamboo</userName>
   <entityHeader>Script (Run phpcs)</entityHeader>
   <entityType>Task</entityType>
  </auditLog>
  <auditLog>
   <id>655405</id>
   <timestamp>1456143800990</timestamp>
   <messageType>FIELD_CHANGE</messageType>
   <message>runWithPowershell</message>
   <planKey>CRDAP-UT</planKey>
   <jobKey>CRDAP-UT-JOB1</jobKey>
   <userName>bamboo</userName>
   <entityHeader>Script (Run phpcs)</entityHeader>
   <entityType>Task</entityType>
  </auditLog>
  <auditLog>
   <id>655406</id>
   <timestamp>1456143800991</timestamp>
   <messageType>FIELD_CHANGE</messageType>
   <message>scriptBody</message>
   <oldValue>phpcs --standard=PSR2</oldValue>
   <newValue>phpcs</newValue>
   <planKey>CRDAP-UT</planKey>
   <jobKey>CRDAP-UT-JOB1</jobKey>
   <userName>bamboo</userName>
   <entityHeader>Script (Run phpcs)</entityHeader>
   <entityType>Task</entityType>
  </auditLog>
  <auditLog>
   <id>655407</id>
   <timestamp>1456143906565</timestamp>
   <messageType>FIELD_CHANGE</messageType>
   <message>argument</message>
   <oldValue>--standard=PSR2 --report=checkstyle test-reports/ src/ www/</oldValue>
   <newValue>--standard=PSR2 --report=checkstyle --report-file=test-reports/checkstyle.xml src/ www/</newValue>
   <planKey>CRDAP-UT</planKey>
   <jobKey>CRDAP-UT-JOB1</jobKey>
   <userName>bamboo</userName>
   <entityHeader>Script (Run phpcs)</entityHeader>
   <entityType>Task</entityType>
  </auditLog>
  <auditLog>
   <id>655408</id>
   <timestamp>1456143906565</timestamp>
   <messageType>FIELD_CHANGE</messageType>
   <message>runWithPowershell</message>
   <planKey>CRDAP-UT</planKey>
   <jobKey>CRDAP-UT-JOB1</jobKey>
   <userName>bamboo</userName>
   <entityHeader>Script (Run phpcs)</entityHeader>
   <entityType>Task</entityType>
  </auditLog>
  <auditLog>
   <id>655409</id>
   <timestamp>1456143906565</timestamp>
   <messageType>FIELD_CHANGE</messageType>
   <message>scriptBody</message>
   <oldValue>phpcs</oldValue>
   <newValue>#!/bin/sh
phpcs</newValue>
   <planKey>CRDAP-UT</planKey>
   <jobKey>CRDAP-UT-JOB1</jobKey>
   <userName>bamboo</userName>
   <entityHeader>Script (Run phpcs)</entityHeader>
   <entityType>Task</entityType>
  </auditLog>
  <auditLog>
   <id>655410</id>
   <timestamp>1456144208482</timestamp>
   <messageType>FIELD_CHANGE</messageType>
   <message>argument</message>
   <oldValue>--standard=PSR2 --report=checkstyle --report-file=test-reports/checkstyle.xml src/ www/</oldValue>
   <planKey>CRDAP-UT</planKey>
   <jobKey>CRDAP-UT-JOB1</jobKey>
   <userName>bamboo</userName>
   <entityHeader>Script (Run phpcs)</entityHeader>
   <entityType>Task</entityType>
  </auditLog>
  <auditLog>
   <id>655411</id>
   <timestamp>1456144208483</timestamp>
   <messageType>FIELD_CHANGE</messageType>
   <message>runWithPowershell</message>
   <planKey>CRDAP-UT</planKey>
   <jobKey>CRDAP-UT-JOB1</jobKey>
   <userName>bamboo</userName>
   <entityHeader>Script (Run phpcs)</entityHeader>
   <entityType>Task</entityType>
  </auditLog>
  <auditLog>
   <id>655412</id>
   <timestamp>1456144208483</timestamp>
   <messageType>FIELD_CHANGE</messageType>
   <message>scriptBody</message>
   <oldValue>#!/bin/sh
phpcs</oldValue>
   <newValue>#!/bin/sh
phpcs --standard=PSR2 --report=checkstyle --report-file=test-reports/checkstyle.xml src/ www/</newValue>
   <planKey>CRDAP-UT</planKey>
   <jobKey>CRDAP-UT-JOB1</jobKey>
   <userName>bamboo</userName>
   <entityHeader>Script (Run phpcs)</entityHeader>
   <entityType>Task</entityType>
  </auditLog>
  <auditLog>
   <id>655413</id>
   <timestamp>1456146282172</timestamp>
   <messageType>FIELD_CHANGE</messageType>
   <message>runWithPowershell</message>
   <planKey>CRDAP-UT</planKey>
   <jobKey>CRDAP-UT-JOB1</jobKey>
   <userName>bamboo</userName>
   <entityHeader>Script (Run phpcs)</entityHeader>
   <entityType>Task</entityType>
  </auditLog>
  <auditLog>
   <id>655414</id>
   <timestamp>1456146282173</timestamp>
   <messageType>FIELD_CHANGE</messageType>
   <message>scriptBody</message>
   <oldValue>#!/bin/sh
phpcs --standard=PSR2 --report=checkstyle --report-file=test-reports/checkstyle.xml src/ www/</oldValue>
   <newValue>#!/bin/sh
phpcs --standard=PSR2 --report=checkstyle --report-file=test-reports/checkstyle.xml crd-api/app/src/ crd-api/app/www/</newValue>
   <planKey>CRDAP-UT</planKey>
   <jobKey>CRDAP-UT-JOB1</jobKey>
   <userName>bamboo</userName>
   <entityHeader>Script (Run phpcs)</entityHeader>
   <entityType>Task</entityType>
  </auditLog>
  <auditLog>
   <id>655415</id>
   <timestamp>1456146282173</timestamp>
   <messageType>FIELD_CHANGE</messageType>
   <message>workingSubDirectory</message>
   <oldValue>crd-api/app</oldValue>
   <planKey>CRDAP-UT</planKey>
   <jobKey>CRDAP-UT-JOB1</jobKey>
   <userName>bamboo</userName>
   <entityHeader>Script (Run phpcs)</entityHeader>
   <entityType>Task</entityType>
  </auditLog>
  <auditLog>
   <id>655416</id>
   <timestamp>1456152450738</timestamp>
   <messageType>CONFIG_CHANGE</messageType>
   <message>Trigger has been removed</message>
   <planKey>CRDAP-UT</planKey>
   <userName>bamboo</userName>
   <entityHeader>Repository polling</entityHeader>
   <entityType>Trigger</entityType>
  </auditLog>
  <auditLog>
   <id>1376257</id>
   <timestamp>1456398685175</timestamp>
   <messageType>CONFIG_CHANGE</messageType>
   <message>Task has been created.</message>
   <planKey>CRDAP-UT</planKey>
   <jobKey>CRDAP-UT-JOB1</jobKey>
   <userName>bamboo</userName>
   <entityHeader>Script (Simple php parsing)</entityHeader>
   <entityType>Task</entityType>
  </auditLog>
  <auditLog>
   <id>1376258</id>
   <timestamp>1456398736033</timestamp>
   <messageType>FIELD_CHANGE</messageType>
   <message>runWithPowershell</message>
   <planKey>CRDAP-UT</planKey>
   <jobKey>CRDAP-UT-JOB1</jobKey>
   <userName>bamboo</userName>
   <entityHeader>Script (Simple php parsing)</entityHeader>
   <entityType>Task</entityType>
  </auditLog>
  <auditLog>
   <id>1376259</id>
   <timestamp>1456398736033</timestamp>
   <messageType>FIELD_CHANGE</messageType>
   <message>scriptBody</message>
   <oldValue>#!/bin/bash
find src/ tests/ www/ -name "*.php" | xargs -I {} php -l {} &amp;&gt;  ./report.txt</oldValue>
   <newValue>#!/bin/bash
find src/ tests/ www/ -name "*.php" | xargs -I {} php -l {} &amp;&gt;  test-reports/php-parsing-report.txt</newValue>
   <planKey>CRDAP-UT</planKey>
   <jobKey>CRDAP-UT-JOB1</jobKey>
   <userName>bamboo</userName>
   <entityHeader>Script (Simple php parsing)</entityHeader>
   <entityType>Task</entityType>
  </auditLog>
  <auditLog>
   <id>1376260</id>
   <timestamp>1456398736033</timestamp>
   <messageType>FIELD_CHANGE</messageType>
   <message>workingSubDirectory</message>
   <oldValue>crd-api/src</oldValue>
   <newValue>crd-api/app</newValue>
   <planKey>CRDAP-UT</planKey>
   <jobKey>CRDAP-UT-JOB1</jobKey>
   <userName>bamboo</userName>
   <entityHeader>Script (Simple php parsing)</entityHeader>
   <entityType>Task</entityType>
  </auditLog>
  <auditLog>
   <id>1376261</id>
   <timestamp>1456398743382</timestamp>
   <messageType>CONFIG_CHANGE</messageType>
   <message>Task has been moved.</message>
   <planKey>CRDAP-UT</planKey>
   <jobKey>CRDAP-UT-JOB1</jobKey>
   <userName>bamboo</userName>
   <entityHeader>Script (Simple php parsing)</entityHeader>
   <entityType>Task</entityType>
  </auditLog>
  <auditLog>
   <id>1376262</id>
   <timestamp>1456398814922</timestamp>
   <messageType>FIELD_CHANGE</messageType>
   <message>runWithPowershell</message>
   <planKey>CRDAP-UT</planKey>
   <jobKey>CRDAP-UT-JOB1</jobKey>
   <userName>bamboo</userName>
   <entityHeader>Script (Simple php parsing)</entityHeader>
   <entityType>Task</entityType>
  </auditLog>
  <auditLog>
   <id>1376263</id>
   <timestamp>1456398814928</timestamp>
   <messageType>FIELD_CHANGE</messageType>
   <message>scriptBody</message>
   <oldValue>#!/bin/bash
find src/ tests/ www/ -name "*.php" | xargs -I {} php -l {} &amp;&gt;  test-reports/php-parsing-report.txt</oldValue>
   <newValue>#!/bin/bash
find src/ tests/ www/ -name "*.php" | xargs -I {} php -l {} &amp;&gt;  ../test-reports/php-parsing-report.txt</newValue>
   <planKey>CRDAP-UT</planKey>
   <jobKey>CRDAP-UT-JOB1</jobKey>
   <userName>bamboo</userName>
   <entityHeader>Script (Simple php parsing)</entityHeader>
   <entityType>Task</entityType>
  </auditLog>
  <auditLog>
   <id>1376264</id>
   <timestamp>1456398839419</timestamp>
   <messageType>FIELD_CHANGE</messageType>
   <message>runWithPowershell</message>
   <planKey>CRDAP-UT</planKey>
   <jobKey>CRDAP-UT-JOB1</jobKey>
   <userName>bamboo</userName>
   <entityHeader>Script (Simple php parsing)</entityHeader>
   <entityType>Task</entityType>
  </auditLog>
  <auditLog>
   <id>1376265</id>
   <timestamp>1456398839419</timestamp>
   <messageType>FIELD_CHANGE</messageType>
   <message>scriptBody</message>
   <oldValue>#!/bin/bash
find src/ tests/ www/ -name "*.php" | xargs -I {} php -l {} &amp;&gt;  ../test-reports/php-parsing-report.txt</oldValue>
   <newValue>#!/bin/bash
find src/ tests/ www/ -name "*.php" | xargs -I {} php -l {} &amp;&gt;  ../../test-reports/php-parsing-report.txt</newValue>
   <planKey>CRDAP-UT</planKey>
   <jobKey>CRDAP-UT-JOB1</jobKey>
   <userName>bamboo</userName>
   <entityHeader>Script (Simple php parsing)</entityHeader>
   <entityType>Task</entityType>
  </auditLog>
  <auditLog>
   <id>1376266</id>
   <timestamp>1456399041493</timestamp>
   <messageType>FIELD_CHANGE</messageType>
   <message>runWithPowershell</message>
   <planKey>CRDAP-UT</planKey>
   <jobKey>CRDAP-UT-JOB1</jobKey>
   <userName>bamboo</userName>
   <entityHeader>Script (Simple php parsing)</entityHeader>
   <entityType>Task</entityType>
  </auditLog>
  <auditLog>
   <id>1376267</id>
   <timestamp>1456399041498</timestamp>
   <messageType>FIELD_CHANGE</messageType>
   <message>scriptBody</message>
   <oldValue>#!/bin/bash
find src/ tests/ www/ -name "*.php" | xargs -I {} php -l {} &amp;&gt;  ../../test-reports/php-parsing-report.txt</oldValue>
   <newValue>#!/bin/bash
find src/ tests/ www/ -name "*.php" | xargs -I {} php -l {} &amp;&gt;  ../../test-reports/php-parsing-report.log</newValue>
   <planKey>CRDAP-UT</planKey>
   <jobKey>CRDAP-UT-JOB1</jobKey>
   <userName>bamboo</userName>
   <entityHeader>Script (Simple php parsing)</entityHeader>
   <entityType>Task</entityType>
  </auditLog>
  <auditLog>
   <id>1376268</id>
   <timestamp>1456400037957</timestamp>
   <messageType>FIELD_CHANGE</messageType>
   <message>runWithPowershell</message>
   <planKey>CRDAP-UT</planKey>
   <jobKey>CRDAP-UT-JOB1</jobKey>
   <userName>bamboo</userName>
   <entityHeader>Script (Simple php parsing)</entityHeader>
   <entityType>Task</entityType>
  </auditLog>
  <auditLog>
   <id>1376269</id>
   <timestamp>1456400037957</timestamp>
   <messageType>FIELD_CHANGE</messageType>
   <message>scriptBody</message>
   <oldValue>#!/bin/bash
find src/ tests/ www/ -name "*.php" | xargs -I {} php -l {} &amp;&gt;  ../../test-reports/php-parsing-report.log</oldValue>
   <newValue>#!/bin/bash
find src/ tests/ www/ -name "*.php" | xargs -I {} php -l {} 2>&amp;1 >  ../../test-reports/php-parsing-report.log</newValue>
   <planKey>CRDAP-UT</planKey>
   <jobKey>CRDAP-UT-JOB1</jobKey>
   <userName>bamboo</userName>
   <entityHeader>Script (Simple php parsing)</entityHeader>
   <entityType>Task</entityType>
  </auditLog>
  <auditLog>
   <id>1376270</id>
   <timestamp>1456400531459</timestamp>
   <messageType>CONFIG_CHANGE</messageType>
   <message>Server state changed to 'PAUSING' from 'RUNNING'</message>
   <userName>bamboo</userName>
  </auditLog>
  <auditLog>
   <id>1376271</id>
   <timestamp>1456400531461</timestamp>
   <messageType>CONFIG_CHANGE</messageType>
   <message>Server state changed to 'PAUSED' from 'PAUSING'</message>
  </auditLog>
 </auditLogs>
</bamboo>