<?xml version='1.1' encoding='UTF-8' standalone='yes'?>
<bamboo>
 <date>Thu Feb 25 11:42:11 UTC 2016</date>
 <version>5.9.7</version>
 <buildDate>14-Oct-2015</buildDate>
 <build>5920</build>
 <serverID>BQSR-WUGI-FFY1-MI03</serverID>
 <localUsers>
  <localUser>
   <id>1</id>
   <name>bamboo</name>
   <password>{PKCS5S2}M1arxAcW3+5ShL8+a1oqYPx5gzuWrJzsqMD+pDSfmDHU3v232cv0uuo+km48aGuY</password>
   <fullName>Bamboo Bamboo</fullName>
   <email>jm.pulvar@gmail.com</email>
  </localUser>
 </localUsers>
</bamboo>