<?xml version='1.1' encoding='UTF-8' standalone='yes'?>
<bamboo>
 <date>Thu Feb 25 11:42:11 UTC 2016</date>
 <version>5.9.7</version>
 <buildDate>14-Oct-2015</buildDate>
 <build>5920</build>
 <serverID>BQSR-WUGI-FFY1-MI03</serverID>
 <pipelines>
  <pipeline>
   <id>131073</id>
   <creationDate>portable AD 2016-02-18 09:57:43.442 +0000</creationDate>
   <modificationDate>portable AD 2016-02-18 09:57:43.442 +0000</modificationDate>
   <type>LOCAL</type>
   <name>Default Agent</name>
   <description></description>
   <enabled>true</enabled>
   <capabilities/>
  </pipeline>
 </pipelines>
</bamboo>