<?xml version='1.1' encoding='UTF-8' standalone='yes'?>
<bamboo>
 <date>Thu Feb 25 11:42:11 UTC 2016</date>
 <version>5.9.7</version>
 <buildDate>14-Oct-2015</buildDate>
 <build>5920</build>
 <serverID>BQSR-WUGI-FFY1-MI03</serverID>
 <planVcsHistory>
  <vcsHistoryItem>
   <id>1212417</id>
   <planKey>CRDAP-UT</planKey>
   <buildNumber>24</buildNumber>
   <revisionKey>e76dc5f9255acc550d29281c3f760c53a18fb46b</revisionKey>
   <repositoryId>327681</repositoryId>
   <customXmlData><![CDATA[]]></customXmlData>
  </vcsHistoryItem>
  <vcsHistoryItem>
   <id>1212418</id>
   <planKey>CRDAP-UT</planKey>
   <buildNumber>25</buildNumber>
   <revisionKey>e76dc5f9255acc550d29281c3f760c53a18fb46b</revisionKey>
   <repositoryId>327681</repositoryId>
   <customXmlData><![CDATA[]]></customXmlData>
  </vcsHistoryItem>
  <vcsHistoryItem>
   <id>1212419</id>
   <planKey>CRDAP-UT</planKey>
   <buildNumber>26</buildNumber>
   <revisionKey>e76dc5f9255acc550d29281c3f760c53a18fb46b</revisionKey>
   <repositoryId>327681</repositoryId>
   <customXmlData><![CDATA[]]></customXmlData>
  </vcsHistoryItem>
  <vcsHistoryItem>
   <id>1212420</id>
   <planKey>CRDAP-UT</planKey>
   <buildNumber>27</buildNumber>
   <revisionKey>e76dc5f9255acc550d29281c3f760c53a18fb46b</revisionKey>
   <repositoryId>327681</repositoryId>
   <customXmlData><![CDATA[]]></customXmlData>
  </vcsHistoryItem>
  <vcsHistoryItem>
   <id>1212421</id>
   <planKey>CRDAP-UT</planKey>
   <buildNumber>28</buildNumber>
   <revisionKey>e76dc5f9255acc550d29281c3f760c53a18fb46b</revisionKey>
   <repositoryId>327681</repositoryId>
   <customXmlData><![CDATA[]]></customXmlData>
  </vcsHistoryItem>
  <vcsHistoryItem>
   <id>1212422</id>
   <planKey>CRDAP-UT</planKey>
   <buildNumber>29</buildNumber>
   <revisionKey>e76dc5f9255acc550d29281c3f760c53a18fb46b</revisionKey>
   <repositoryId>327681</repositoryId>
   <customXmlData><![CDATA[]]></customXmlData>
  </vcsHistoryItem>
  <vcsHistoryItem>
   <id>1212423</id>
   <planKey>CRDAP-UT</planKey>
   <buildNumber>30</buildNumber>
   <revisionKey>e76dc5f9255acc550d29281c3f760c53a18fb46b</revisionKey>
   <repositoryId>327681</repositoryId>
   <customXmlData><![CDATA[]]></customXmlData>
  </vcsHistoryItem>
 </planVcsHistory>
</bamboo>