<?xml version='1.1' encoding='UTF-8' standalone='yes'?>
<bamboo>
 <date>Thu Feb 25 11:42:11 UTC 2016</date>
 <version>5.9.7</version>
 <buildDate>14-Oct-2015</buildDate>
 <build>5920</build>
 <serverID>BQSR-WUGI-FFY1-MI03</serverID>
 <projects>
  <project>
   <id>360449</id>
   <creationDate>portable AD 2016-02-18 10:01:25.672 +0000</creationDate>
   <modificationDate>portable AD 2016-02-18 10:01:25.672 +0000</modificationDate>
   <key>CRDAP</key>
   <name>crd-api</name>
   <subplans>
    <subplan>
     <id>393218</id>
     <creationDate>portable AD 2016-02-18 10:01:25.839 +0000</creationDate>
     <modificationDate>portable AD 2016-02-25 11:33:57.955 +0000</modificationDate>
     <key>CRDAP-UT-JOB1</key>
     <buildKey>JOB1</buildKey>
     <buildName>Default Job</buildName>
     <firstBuildNumber>1</firstBuildNumber>
     <lastBuildNumber>30</lastBuildNumber>
     <nextBuildNumber>31</nextBuildNumber>
     <suspendedFromBuilding>false</suspendedFromBuilding>
     <definition>
      <id>458754</id>
      <xml><![CDATA[<?xml version="1.0" encoding="UTF-8" standalone="no"?>
<configuration xml:space="preserve">
  <isMergedConfiguration>false</isMergedConfiguration>
  <cleanWorkingDirectory>false</cleanWorkingDirectory>
  <repositoryDefiningWorkingDirectory>-1</repositoryDefiningWorkingDirectory>
  <buildTasks>
    <taskDefinition>
      <id>1</id>
      <userDescription>Checkout Default Repository</userDescription>
      <isEnabled>true</isEnabled>
      <pluginKey>com.atlassian.bamboo.plugins.vcs:task.vcs.checkout</pluginKey>
      <finalising>false</finalising>
      <rootDirectoryType>INHERITED</rootDirectoryType>
      <repositoryDefiningWorkingDir>-1</repositoryDefiningWorkingDir>
      <config>
        <item>
          <key>checkoutDir_0</key>
          <value/>
        </item>
        <item>
          <key>selectedRepository_0</key>
          <value>defaultRepository</value>
        </item>
      </config>
    </taskDefinition>
    <taskDefinition>
      <id>3</id>
      <userDescription>Install dependencies with composer</userDescription>
      <isEnabled>true</isEnabled>
      <pluginKey>com.atlassian.bamboo.plugins.scripttask:task.builder.script</pluginKey>
      <finalising>false</finalising>
      <rootDirectoryType>INHERITED</rootDirectoryType>
      <repositoryDefiningWorkingDir>-1</repositoryDefiningWorkingDir>
      <config>
        <item>
          <key>argument</key>
          <value/>
        </item>
        <item>
          <key>scriptLocation</key>
          <value>INLINE</value>
        </item>
        <item>
          <key>environmentVariables</key>
          <value/>
        </item>
        <item>
          <key>runWithPowershell</key>
          <value/>
        </item>
        <item>
          <key>scriptBody</key>
          <value>#!/bin/sh
composer install;</value>
        </item>
        <item>
          <key>script</key>
          <value/>
        </item>
        <item>
          <key>workingSubDirectory</key>
          <value>crd-api/app</value>
        </item>
      </config>
    </taskDefinition>
    <taskDefinition>
      <id>5</id>
      <userDescription>Simple php parsing</userDescription>
      <isEnabled>true</isEnabled>
      <pluginKey>com.atlassian.bamboo.plugins.scripttask:task.builder.script</pluginKey>
      <finalising>false</finalising>
      <rootDirectoryType>INHERITED</rootDirectoryType>
      <repositoryDefiningWorkingDir>-1</repositoryDefiningWorkingDir>
      <config>
        <item>
          <key>argument</key>
          <value/>
        </item>
        <item>
          <key>scriptLocation</key>
          <value>INLINE</value>
        </item>
        <item>
          <key>environmentVariables</key>
          <value/>
        </item>
        <item>
          <key>runWithPowershell</key>
          <value/>
        </item>
        <item>
          <key>scriptBody</key>
          <value>#!/bin/bash
find src/ tests/ www/ -name "*.php" | xargs -I {} php -l {} 2&gt;&amp;1 &gt;  ../../test-reports/php-parsing-report.log</value>
        </item>
        <item>
          <key>script</key>
          <value/>
        </item>
        <item>
          <key>workingSubDirectory</key>
          <value>crd-api/app</value>
        </item>
      </config>
    </taskDefinition>
    <taskDefinition>
      <id>2</id>
      <userDescription>Launch unit tests</userDescription>
      <isEnabled>true</isEnabled>
      <pluginKey>com.atlassian.bamboo.plugins.php:task.builder.phpunit</pluginKey>
      <finalising>false</finalising>
      <rootDirectoryType>INHERITED</rootDirectoryType>
      <repositoryDefiningWorkingDir>-1</repositoryDefiningWorkingDir>
      <config>
        <item>
          <key>coverageHtmlEnabled</key>
          <value>true</value>
        </item>
        <item>
          <key>projectFile</key>
          <value/>
        </item>
        <item>
          <key>label</key>
          <value>phpunit</value>
        </item>
        <item>
          <key>testChecked</key>
          <value/>
        </item>
        <item>
          <key>testDirectoryOption</key>
          <value/>
        </item>
        <item>
          <key>logXmlEnabled</key>
          <value>true</value>
        </item>
        <item>
          <key>environmentVariables</key>
          <value/>
        </item>
        <item>
          <key>testResultsDirectory</key>
          <value/>
        </item>
        <item>
          <key>pickupOutdatedFiles</key>
          <value/>
        </item>
        <item>
          <key>logXmlFile</key>
          <value>test-reports/phpunit.xml</value>
        </item>
        <item>
          <key>coverageHtmlDirectory</key>
          <value>test-reports/coverage/html</value>
        </item>
        <item>
          <key>buildJdk</key>
          <value/>
        </item>
        <item>
          <key>arguments</key>
          <value>--bootstrap tests/TestHelper.php</value>
        </item>
        <item>
          <key>workingSubDirectory</key>
          <value>crd-api/app</value>
        </item>
      </config>
    </taskDefinition>
    <taskDefinition>
      <id>4</id>
      <userDescription>Run phpcs</userDescription>
      <isEnabled>true</isEnabled>
      <pluginKey>com.atlassian.bamboo.plugins.scripttask:task.builder.script</pluginKey>
      <finalising>false</finalising>
      <rootDirectoryType>INHERITED</rootDirectoryType>
      <repositoryDefiningWorkingDir>-1</repositoryDefiningWorkingDir>
      <config>
        <item>
          <key>argument</key>
          <value/>
        </item>
        <item>
          <key>scriptLocation</key>
          <value>INLINE</value>
        </item>
        <item>
          <key>environmentVariables</key>
          <value/>
        </item>
        <item>
          <key>runWithPowershell</key>
          <value/>
        </item>
        <item>
          <key>scriptBody</key>
          <value>#!/bin/sh
phpcs --standard=PSR2 --report=checkstyle --report-file=test-reports/checkstyle.xml crd-api/app/src/ crd-api/app/www/</value>
        </item>
        <item>
          <key>script</key>
          <value/>
        </item>
        <item>
          <key>workingSubDirectory</key>
          <value/>
        </item>
      </config>
    </taskDefinition>
  </buildTasks>
  <buildStrategies>
    <defined>true</defined>
  </buildStrategies>
  <triggers>
    <defined>true</defined>
  </triggers>
  <branches>
    <branchCreationEnabled>false</branchCreationEnabled>
    <branchRemovalCleanUpEnabled>false</branchRemovalCleanUpEnabled>
    <inactiveBranchCleanupEnabled>false</inactiveBranchCleanupEnabled>
    <matchingPattern>.*</matchingPattern>
    <removalCleanupPeriodInDays>7</removalCleanupPeriodInDays>
    <inactivityInDays>30</inactivityInDays>
    <defaultNotificationStrategy>notifyCommitters</defaultNotificationStrategy>
    <issueLinking>true</issueLinking>
    <monitorPullRequests>false</monitorPullRequests>
  </branches>
  <branches>
    <defaultBranchIntegration>
      <enabled>false</enabled>
    </defaultBranchIntegration>
  </branches>
  <branchIntegration>
    <enabled>false</enabled>
  </branchIntegration>
  <branchConfiguration>
    <cleanup>
      <disabled>false</disabled>
    </cleanup>
    <notificationStrategy>notifyCommitters</notificationStrategy>
  </branchConfiguration>
  <bambooDelimiterParsingDisabled>true</bambooDelimiterParsingDisabled>
</configuration>
]]></xml>
     </definition>
     <requirementSet>
      <id>557057</id>
      <requirement>
       <id>688134</id>
       <key>system.builder.phpunit.phpunit</key>
       <pluginModuleKey>com.atlassian.bamboo.plugins.php:task.builder.phpunit</pluginModuleKey>
       <ownerId>2</ownerId>
       <value readOnly="true" regex="true">.*</value>
      </requirement>
     </requirementSet>
    </subplan>
   </subplans>
   <chains>
    <chain>
     <id>393217</id>
     <creationDate>portable AD 2016-02-18 10:01:25.674 +0000</creationDate>
     <modificationDate>portable AD 2016-02-22 14:47:30.733 +0000</modificationDate>
     <key>CRDAP-UT</key>
     <buildKey>UT</buildKey>
     <buildName>CRD API continuous integration</buildName>
     <firstBuildNumber>1</firstBuildNumber>
     <lastBuildNumber>30</lastBuildNumber>
     <nextBuildNumber>31</nextBuildNumber>
     <suspendedFromBuilding>false</suspendedFromBuilding>
     <definition>
      <id>458753</id>
      <xml><![CDATA[<?xml version="1.0" encoding="UTF-8" standalone="no"?>
<configuration xml:space="preserve">
  <isMergedConfiguration>false</isMergedConfiguration>
  <cleanWorkingDirectory>false</cleanWorkingDirectory>
  <repositoryDefiningWorkingDirectory>0</repositoryDefiningWorkingDirectory>
  <buildStrategies>
    <defined>true</defined>
  </buildStrategies>
  <triggers>
    <defined>true</defined>
  </triggers>
  <branches>
    <branchCreationEnabled>false</branchCreationEnabled>
    <branchRemovalCleanUpEnabled>false</branchRemovalCleanUpEnabled>
    <inactiveBranchCleanupEnabled>false</inactiveBranchCleanupEnabled>
    <matchingPattern>.*</matchingPattern>
    <removalCleanupPeriodInDays>7</removalCleanupPeriodInDays>
    <inactivityInDays>30</inactivityInDays>
    <defaultNotificationStrategy>notifyCommitters</defaultNotificationStrategy>
    <issueLinking>true</issueLinking>
    <monitorPullRequests>false</monitorPullRequests>
  </branches>
  <branches>
    <defaultBranchIntegration>
      <enabled>false</enabled>
    </defaultBranchIntegration>
  </branches>
  <branchIntegration>
    <enabled>false</enabled>
  </branchIntegration>
  <branchConfiguration>
    <cleanup>
      <disabled>false</disabled>
    </cleanup>
    <notificationStrategy>notifyCommitters</notificationStrategy>
  </branchConfiguration>
  <custom>
    <dependencies>
      <triggerForBranches>true</triggerForBranches>
      <trigger>
        <remote>
          <strategy>None</strategy>
        </remote>
      </trigger>
    </dependencies>
  </custom>
  <bambooDelimiterParsingDisabled>true</bambooDelimiterParsingDisabled>
</configuration>
]]></xml>
     </definition>
     <notificationSet>
      <id>425985</id>
     </notificationSet>
     <stages>
      <stage>
       <id>524289</id>
       <name>Default Stage</name>
       <builds>
        <build>
         <buildKey>CRDAP-UT-JOB1</buildKey>
        </build>
       </builds>
      </stage>
     </stages>
    </chain>
   </chains>
  </project>
 </projects>
</bamboo>