<?xml version='1.1' encoding='UTF-8' standalone='yes'?>
<bamboo>
 <date>Thu Feb 25 11:42:11 UTC 2016</date>
 <version>5.9.7</version>
 <buildDate>14-Oct-2015</buildDate>
 <build>5920</build>
 <serverID>BQSR-WUGI-FFY1-MI03</serverID>
 <repositories>
  <repository>
   <id>327681</id>
   <name>Cookbooks repo</name>
   <pluginKey>com.atlassian.bamboo.plugins.atlassian-bamboo-plugin-git:gh</pluginKey>
   <isGlobal>true</isGlobal>
   <xml><![CDATA[<?xml version="1.0" encoding="UTF-8" standalone="no"?>
<configuration xml:space="preserve">
  <filter>
    <pattern>
      <option/>
      <regex/>
    </pattern>
  </filter>
  <changeset>
    <filter>
      <pattern>
        <regex/>
      </pattern>
    </filter>
  </changeset>
  <repository>
    <common>
      <quietPeriod>
        <enabled>false</enabled>
        <period>10</period>
        <maxRetries>5</maxRetries>
      </quietPeriod>
    </common>
    <github>
      <username>jnoun</username>
      <password/>
      <repository>jnoun/cookbooks</repository>
      <branch>master</branch>
      <useShallowClones>true</useShallowClones>
      <useRemoteAgentCache>false</useRemoteAgentCache>
      <useSubmodules>false</useSubmodules>
      <commandTimeout>180</commandTimeout>
      <verbose>
        <logs>false</logs>
      </verbose>
      <fetch>
        <whole>
          <repository>false</repository>
        </whole>
      </fetch>
    </github>
  </repository>
  <selectedWebRepositoryViewer>bamboo.webrepositoryviewer.provided:noRepositoryViewer</selectedWebRepositoryViewer>
  <bambooDelimiterParsingDisabled>true</bambooDelimiterParsingDisabled>
</configuration>
]]></xml>
  </repository>
 </repositories>
</bamboo>