<?xml version='1.1' encoding='UTF-8' standalone='yes'?>
<bamboo>
 <date>Thu Feb 25 11:42:11 UTC 2016</date>
 <version>5.9.7</version>
 <buildDate>14-Oct-2015</buildDate>
 <build>5920</build>
 <serverID>BQSR-WUGI-FFY1-MI03</serverID>
 <sharedCapabilities>
  <local>
   <capability key="system.builder.phpunit.phpunit" value="/usr/bin/phpunit"/>
   <capability key="system.git.executable" value="/usr/bin/git"/>
   <capability key="system.jdk.JDK" value="/usr/lib/jvm/java-8-openjdk-amd64"/>
   <capability key="system.jdk.JDK 1.8" value="/usr/lib/jvm/java-8-openjdk-amd64"/>
   <capability key="system.jdk.JDK 1.8.0_72-internal" value="/usr/lib/jvm/java-8-openjdk-amd64"/>
  </local>
  <remote/>
 </sharedCapabilities>
</bamboo>