<?xml version='1.1' encoding='UTF-8' standalone='yes'?>
<bamboo>
 <date>Thu Feb 25 11:42:11 UTC 2016</date>
 <version>5.9.7</version>
 <buildDate>14-Oct-2015</buildDate>
 <build>5920</build>
 <serverID>BQSR-WUGI-FFY1-MI03</serverID>
 <testCases>
  <testCase>
   <id>950273</id>
   <testClassId>917505</testClassId>
   <name>testProductcanBeAddedtoBasket</name>
   <numOfSuccessfulRuns>12</numOfSuccessfulRuns>
   <numOfFailedRuns>0</numOfFailedRuns>
   <avgDuration>3</avgDuration>
   <firstRanBuildNo>12</firstRanBuildNo>
   <lastRanBuildNo>23</lastRanBuildNo>
  </testCase>
  <testCase>
   <id>950274</id>
   <testClassId>917506</testClassId>
   <name>testProductcanBeAddedtoBasket</name>
   <numOfSuccessfulRuns>3</numOfSuccessfulRuns>
   <numOfFailedRuns>0</numOfFailedRuns>
   <avgDuration>1</avgDuration>
   <firstRanBuildNo>12</firstRanBuildNo>
   <lastRanBuildNo>14</lastRanBuildNo>
  </testCase>
  <testCase>
   <id>1343489</id>
   <testClassId>1310721</testClassId>
   <name>testProductcanBeAddedtoBasket</name>
   <numOfSuccessfulRuns>6</numOfSuccessfulRuns>
   <numOfFailedRuns>0</numOfFailedRuns>
   <avgDuration>7</avgDuration>
   <firstRanBuildNo>24</firstRanBuildNo>
   <lastRanBuildNo>30</lastRanBuildNo>
  </testCase>
 </testCases>
</bamboo>