<?xml version='1.1' encoding='UTF-8' standalone='yes'?>
<bamboo>
 <date>Thu Feb 25 11:42:11 UTC 2016</date>
 <version>5.9.7</version>
 <buildDate>14-Oct-2015</buildDate>
 <build>5920</build>
 <serverID>BQSR-WUGI-FFY1-MI03</serverID>
 <testClasses>
  <testClass>
   <id>917505</id>
   <name>CrdApi\Tests\Models\BasketTest</name>
   <plan>CRDAP-UT-JOB1</plan>
  </testClass>
  <testClass>
   <id>917506</id>
   <name>BasketTest</name>
   <plan>CRDAP-UT-JOB1</plan>
  </testClass>
  <testClass>
   <id>1310721</id>
   <name>CrdApi\tests\Models\BasketTest</name>
   <plan>CRDAP-UT-JOB1</plan>
  </testClass>
 </testClasses>
</bamboo>